DayOfWeek,MonthDay,Year,Visits
Monday,01-Jun,2009,27
Tuesday,02-Jun,2009,31
Wednesday,03-Jun,2009,38
Thursday,04-Jun,2009,38
Friday,05-Jun,2009,31
Saturday,06-Jun,2009,24
Sunday,07-Jun,2009,21
Monday,08-Jun,2009,29
Tuesday,09-Jun,2009,30
Wednesday,10-Jun,2009,22
Thursday,11-Jun,2009,24
Friday,12-Jun,2009,17
Saturday,13-Jun,2009,7
Sunday,14-Jun,2009,13
Monday,15-Jun,2009,20
Tuesday,16-Jun,2009,17
Wednesday,17-Jun,2009,11
Thursday,18-Jun,2009,19
Friday,19-Jun,2009,15
Saturday,20-Jun,2009,3
Sunday,21-Jun,2009,12
Monday,22-Jun,2009,25
Tuesday,23-Jun,2009,17
Wednesday,24-Jun,2009,24
Thursday,25-Jun,2009,30
Friday,26-Jun,2009,22
Saturday,27-Jun,2009,15
Sunday,28-Jun,2009,14
Monday,29-Jun,2009,29
Tuesday,30-Jun,2009,10
Wednesday,01-Jul,2009,19
Thursday,02-Jul,2009,34
Friday,03-Jul,2009,12
Saturday,04-Jul,2009,5
Sunday,05-Jul,2009,14
Monday,06-Jul,2009,26
Tuesday,07-Jul,2009,8
Wednesday,08-Jul,2009,16
Thursday,09-Jul,2009,11
Friday,10-Jul,2009,10
Saturday,11-Jul,2009,12
Sunday,12-Jul,2009,11
Monday,13-Jul,2009,14
Tuesday,14-Jul,2009,23
Wednesday,15-Jul,2009,30
Thursday,16-Jul,2009,19
Friday,17-Jul,2009,21
Saturday,18-Jul,2009,14
Sunday,19-Jul,2009,18
Monday,20-Jul,2009,27
Tuesday,21-Jul,2009,26
Wednesday,22-Jul,2009,27
Thursday,23-Jul,2009,23
Friday,24-Jul,2009,16
Saturday,25-Jul,2009,5
Sunday,26-Jul,2009,18
Monday,27-Jul,2009,29
Tuesday,28-Jul,2009,35
Wednesday,29-Jul,2009,22
Thursday,30-Jul,2009,22
Friday,31-Jul,2009,10
Saturday,01-Aug,2009,7
Sunday,02-Aug,2009,12
Monday,03-Aug,2009,23
Tuesday,04-Aug,2009,38
Wednesday,05-Aug,2009,43
Thursday,06-Aug,2009,26
Friday,07-Aug,2009,19
Saturday,08-Aug,2009,18
Sunday,09-Aug,2009,10
Monday,10-Aug,2009,19
Tuesday,11-Aug,2009,19
Wednesday,12-Aug,2009,38
Thursday,13-Aug,2009,22
Friday,14-Aug,2009,25
Saturday,15-Aug,2009,18
Sunday,16-Aug,2009,24
Monday,17-Aug,2009,21
Tuesday,18-Aug,2009,28
Wednesday,19-Aug,2009,30
Thursday,20-Aug,2009,21
Friday,21-Aug,2009,26
Saturday,22-Aug,2009,11
Sunday,23-Aug,2009,12
Monday,24-Aug,2009,20
Tuesday,25-Aug,2009,21
Wednesday,26-Aug,2009,23
Thursday,27-Aug,2009,25
Friday,28-Aug,2009,19
Saturday,29-Aug,2009,14
Sunday,30-Aug,2009,17
Monday,31-Aug,2009,21
Tuesday,01-Sep,2009,38
Wednesday,02-Sep,2009,27
Thursday,03-Sep,2009,21
Friday,04-Sep,2009,18
Saturday,05-Sep,2009,19
Sunday,06-Sep,2009,20
Monday,07-Sep,2009,18
Tuesday,08-Sep,2009,26
Wednesday,09-Sep,2009,28
Thursday,10-Sep,2009,30
Friday,11-Sep,2009,28
Saturday,12-Sep,2009,29
Sunday,13-Sep,2009,16
Monday,14-Sep,2009,30
Tuesday,15-Sep,2009,23
Wednesday,16-Sep,2009,24
Thursday,17-Sep,2009,44
Friday,18-Sep,2009,28
Saturday,19-Sep,2009,20
Sunday,20-Sep,2009,20
Monday,21-Sep,2009,16
Tuesday,22-Sep,2009,22
Wednesday,23-Sep,2009,31
Thursday,24-Sep,2009,31
Friday,25-Sep,2009,30
Saturday,26-Sep,2009,30
Sunday,27-Sep,2009,29
Monday,28-Sep,2009,27
Tuesday,29-Sep,2009,37
Wednesday,30-Sep,2009,35
Thursday,01-Oct,2009,22
Friday,02-Oct,2009,28
Saturday,03-Oct,2009,23
Sunday,04-Oct,2009,48
Monday,05-Oct,2009,46
Tuesday,06-Oct,2009,35
Wednesday,07-Oct,2009,40
Thursday,08-Oct,2009,22
Friday,09-Oct,2009,26
Saturday,10-Oct,2009,14
Sunday,11-Oct,2009,19
Monday,12-Oct,2009,26
Tuesday,13-Oct,2009,25
Wednesday,14-Oct,2009,21
Thursday,15-Oct,2009,29
Friday,16-Oct,2009,34
Saturday,17-Oct,2009,15
Sunday,18-Oct,2009,16
Monday,19-Oct,2009,19
Tuesday,20-Oct,2009,29
Wednesday,21-Oct,2009,32
Thursday,22-Oct,2009,25
Friday,23-Oct,2009,24
Saturday,24-Oct,2009,17
Sunday,25-Oct,2009,23
Monday,26-Oct,2009,42
Tuesday,27-Oct,2009,28
Wednesday,28-Oct,2009,23
Thursday,29-Oct,2009,27
Friday,30-Oct,2009,26
Saturday,31-Oct,2009,22
Sunday,01-Nov,2009,15
Monday,02-Nov,2009,32
Tuesday,03-Nov,2009,22
Wednesday,04-Nov,2009,29
Thursday,05-Nov,2009,25
Friday,06-Nov,2009,15
Saturday,07-Nov,2009,18
Sunday,08-Nov,2009,28
Monday,09-Nov,2009,27
Tuesday,10-Nov,2009,35
Wednesday,11-Nov,2009,26
Thursday,12-Nov,2009,26
Friday,13-Nov,2009,20
Saturday,14-Nov,2009,22
Sunday,15-Nov,2009,13
Monday,16-Nov,2009,22
Tuesday,17-Nov,2009,25
Wednesday,18-Nov,2009,29
Thursday,19-Nov,2009,20
Friday,20-Nov,2009,12
Saturday,21-Nov,2009,14
Sunday,22-Nov,2009,13
Monday,23-Nov,2009,38
Tuesday,24-Nov,2009,35
Wednesday,25-Nov,2009,25
Thursday,26-Nov,2009,24
Friday,27-Nov,2009,17
Saturday,28-Nov,2009,22
Sunday,29-Nov,2009,21
Monday,30-Nov,2009,32
Tuesday,01-Dec,2009,26
Wednesday,02-Dec,2009,30
Thursday,03-Dec,2009,21
Friday,04-Dec,2009,27
Saturday,05-Dec,2009,13
Sunday,06-Dec,2009,14
Monday,07-Dec,2009,21
Tuesday,08-Dec,2009,19
Wednesday,09-Dec,2009,30
Thursday,10-Dec,2009,16
Friday,11-Dec,2009,20
Saturday,12-Dec,2009,8
Sunday,13-Dec,2009,10
Monday,14-Dec,2009,13
Tuesday,15-Dec,2009,31
Wednesday,16-Dec,2009,24
Thursday,17-Dec,2009,18
Friday,18-Dec,2009,17
Saturday,19-Dec,2009,7
Sunday,20-Dec,2009,13
Monday,21-Dec,2009,22
Tuesday,22-Dec,2009,22
Wednesday,23-Dec,2009,22
Thursday,24-Dec,2009,13
Friday,25-Dec,2009,10
Saturday,26-Dec,2009,12
Sunday,27-Dec,2009,15
Monday,28-Dec,2009,24
Tuesday,29-Dec,2009,18
Wednesday,30-Dec,2009,10
Thursday,31-Dec,2009,7
